Features,Feature Values
UpVotes,0.101756246656
Total Funds,0.096386573502
Y Combinator,0.0598428670794
Sentiment,0.0393647777258
Curated Web,0.0324921456754
San Francisco,0.0244691735075
Mobile,0.0231662267053
Games,0.0179669927653
New York City,0.017037770417
Social Media,0.0168057471194
